0,1,2,3,4,5,6
RO_Max_No_RO_use_above_900ft.csv,RO_Max_No_RO_use_above_900ft.csv,RO_Max_No_RO_use_above_900ft.csv,Min_Half_ft_Max_Ramp_Down_at_DEX.csv,RO_Max_No_RO_use_above_900ft.csv,RO_Max_No_RO_use_above_900ft.csv,Missing
Max_Evacuation_Release.csv,MaxI_High_Q_Ramp_Up_Rates.csv,cp_Min_Flow_at_Albany_23762845.csv,Min_Flow_at_Lookout_Point.csv,Max_Half_ft_Max_Ramp_Up_at_DEX.csv,Max_Evacuation_Release.csv,Missing
MaxI_FloodIncrsRate_LookP.csv,MaxD_High_Q_ramp_down_rates.csv,cp_Min_flow_at_Salem_23791083.csv,Pow_Max_LOP_max_power_release.csv,Min_Half_ft_Max_Ramp_Down_at_DEX.csv,Max_Half_ft_Max_Ramp_Up_at_DEX.csv,Missing
MaxD_FloodDcrsRate_LookP.csv,cp_Max_Jasper_Bankfull_23751778.csv,Min_Half_ft_Max_Ramp_Down_at_DEX.csv,Missing,cp_Max_Jasper_Bankfull_23751778.csv,Min_Half_ft_Max_Ramp_Down_at_DEX.csv,Missing
Pow_Max_LOP_max_power_release.csv,Max_Evacuation_Release.csv,Max_Half_ft_Max_Ramp_Up_at_DEX.csv,Missing,Max_Evacuation_Release.csv,cp_Max_HB_70500_cfs_23763337.csv,Missing
Missing,cp_Max_HB_51000_cfs_23763337.csv,Max_Conserv_Flow_at_LOP.csv,Missing,cp_Max_HB_42500_cfs_23763337.csv,Pow_Max_LOP_max_power_release.csv,Missing
Missing,Min_Flow_at_Lookout_Point.csv,cp_Max_HB_42500_cfs_23763337.csv,Missing,Min_Flow_at_Lookout_Point.csv,Missing,Missing
Missing,Pow_Max_LOP_max_power_release.csv,Min_Flow_at_Lookout_Point.csv,Missing,Pow_Max_LOP_max_power_release.csv,Missing,Missing
Missing,Missing,Pow_Max_LOP_max_power_release.csv,Missing,Missing,Missing,Missing
